Workbook

Sheet DASHBOARD
A1: AIRWORTHINESS & MAINTENANCE CONTROL DASHBOARD
A3: SELECT AN AIRCRAFT: | D3: VT-ABC
A5: Aircraft Information
A7: Registration | C7: =_xlfn.XLOOKUP($D$3,'Aircraft INFORMATION'!$A$2:$A$10,'Aircraft INFORMATION'!$A$2:$A$10,"not found") -> VT-ABC
A8: Aircraft Type | C8: =_xlfn.XLOOKUP(D3,'Aircraft INFORMATION'!A2:A10,'Aircraft INFORMATION'!B2:B10,"not found") -> A320neo
A9: Manufacturer | C9: =_xlfn.XLOOKUP(D3,'Aircraft INFORMATION'!A2:A10,'Aircraft INFORMATION'!C2:C10,"not found") -> Airbus
A10: MSN | C10: =_xlfn.XLOOKUP(D3,'Aircraft INFORMATION'!A2:A10,'Aircraft INFORMATION'!D2:D10,"not found") -> 11234
A11: Operator | C11: =_xlfn.XLOOKUP(D3,'Aircraft INFORMATION'!A2:A10,'Aircraft INFORMATION'!E2:E10,"not found") -> Air India
A12: Base | C12: =_xlfn.XLOOKUP(D3,'Aircraft INFORMATION'!A2:A10,'Aircraft INFORMATION'!F2:F10,"not found") -> Delhi
A13: Engine Type | C13: =_xlfn.XLOOKUP(D3,'Aircraft INFORMATION'!A2:A10,'Aircraft INFORMATION'!G2:G10,"not found") -> LEAP-1A26
A14: Engine Serial | C14: =_xlfn.XLOOKUP(D3,'Aircraft INFORMATION'!A2:A10,'Aircraft INFORMATION'!H2:H10,"not found") -> ESN006
A15: APU Serial | C15: =_xlfn.XLOOKUP(D3,'Aircraft INFORMATION'!A2:A10,'Aircraft INFORMATION'!I2:I10,"not found") -> APS006
A16: Status | C16: =_xlfn.XLOOKUP(D3,'Aircraft INFORMATION'!A2:A10,'Aircraft INFORMATION'!J2:J10,"not found") -> Active
A17: Aircraft in the fleet | F17: Open AD's | K17: Overdue AD's | P17: Deferred Defects
A20: =COUNTA('Aircraft INFORMATION'!A2:A13) -> 9 | F20: =COUNTIFS(AD_Status!A2:A11,DASHBOARD!D3,AD_Status!I2:I11,"open") -> 0 | K20: =COUNTIFS(AD_Status!A2:A11,DASHBOARD!D3,AD_Status!I2:I11,"Overdue") -> 1 | P20: =COUNTIFS('Defered Defects'!A2:A10,DASHBOARD!D3,'Defered Defects'!H2:H10,"Deferred") -> 1
A24: Life limited parts near limit | F24: AMP task due
A27: =COUNTIFS('Life limited parts'!A2:A11,DASHBOARD!D3,'Life limited parts'!I2:I11,"Urgent Replacement") -> 0 | F27: =COUNTIFS(AMP!A2:A10,DASHBOARD!D3,AMP!I2:I10,"Due Soon") -> 0
A32: MAINTENANCE PLANNING
A33: Critical Items | D33: Due in 7 Days | G33: Due in 30 Days | J33: Active Packages | M33: Immediate Action
A35: =COUNTIFS('MAINTENANCE PLANNING'!$A$6:$A$1000,$D$3,'MAINTENANCE PLANNING'!$G$6:$G$1000,"CRITICAL") -> 1 | D35: =COUNTIFS('MAINTENANCE PLANNING'!$A$6:$A$1000,$D$3,'MAINTENANCE PLANNING'!$E$6:$E$1000,">="&TODAY(),'MAINTENANCE PLANNING'!$E$6:$E$1000,"<="&TODAY()+7) -> 0 | G35: =COUNTIFS('MAINTENANCE PLANNING'!$A$6:$A$1000,$D$3,'MAINTENANCE PLANNING'!$E$6:$E$1000,">="&TODAY(),'MAINTENANCE PLANNING'!$E$6:$E$1000,"<="&TODAY()+30) -> 0 | J35: =COUNTIF('MAINTENANCE PACKAGING'!H2:H100,"?*") -> 1 | M35: =COUNTIF('MAINTENANCE PLANNING'!H6:H100,"IMMEDIATE ACTION") -> 1

Sheet Aircraft INFORMATION
A1: registration | B1: Aircraft type | C1: manufacturer | D1: MSN | E1: operator | F1: Base | G1: Engine type | H1: Engine serial | I1: APU Serial | J1: Status
A2: A6-ABD | B2: B777-300ER | C2: Boeing | D2: 4546 | E2: Emirates | F2: Dubai | G2: GE90-115B | H2: ESN002 | I2: APS002 | J2: Active
A3: A6-ADB | B3: B777-300ER | C3: Boeing | D3: 4547 | E3: Emirates | F3: Dubai | G3: GE90-115B | H3: ESN003 | I3: APS003 | J3: Active
A4: A6-BCC | B4: A380-800 | C4: Airbus | D4: 198 | E4: Emirates | F4: Dubai | G4: GP7270 | H4: ESN004 | I4: APS004 | J4: Active
A5: A6-AAA | B5: A380-800 | C5: Airbus | D5: 199 | E5: Emirates | F5: Dubai | G5: GP7270 | H5: ESN005 | I5: APS005 | J5: Under Maintenance
A6: VT-ABC | B6: A320neo | C6: Airbus | D6: 11234 | E6: Air India | F6: Delhi | G6: LEAP-1A26 | H6: ESN006 | I6: APS006 | J6: Active
A7: VT-ABB | B7: B787-8 | C7: Boeing | D7: 36215 | E7: Air India | F7: Mumbai | G7: GEnx-1B74 | H7: ESN007 | I7: APS007 | J7: Active
A8: VT-ABA | B8: A321neo | C8: Airbus | D8: 10356 | E8: IndiGo | F8: Hyderabad | G8: PW1133G-JM | H8: ESN008 | I8: APS008 | J8: Active
A9: VT-XYZ | B9: A320neo | C9: Airbus | D9: 10478 | E9: IndiGo | F9: Bengaluru | G9: LEAP-1A26 | H9: ESN009 | I9: APS009 | J9: Under Maintenance
A10: A6-AGF | B10: A350-1000 | C10: Airbus | D10: 1203 | E10: Emirates | F10: Dubai | G10: trent XWB-97 | H10: ESN023 | I10: APU203 | J10: Grounded

Sheet AD_Status
A1: Registration | B1: AD NUMBER | C1: AUTHORITY | D1: DESCRIPTION | E1: EFFECTIVE DATE | F1: COMPLIANCE METHOD | G1: DUE DATE | H1: COMPLIANCE DATE | I1: STATUS | J1: REMARKS
A2: A6-ABD | B2: 2026-0056 | C2: EASA | D2: Turbine fan Replacement | E2: 46253 | F2: SB B777-300-1010 | G2: 46254 | H2: 46235 | I2: Complied
A3: A6-ADB | B3: 2026-0045 | C3: EASA | D3: Landing gear inspection | E3: 46264 | F3: SB A320-200-1001 | G3: 46280 | I3: Due soon | J3: Inspect before the next flight
A4: A6-BCC | B4: 2025-0202 | C4: EASA | D4: Both wings pylon Replacement | E4: 46245 | F4: SB A321-200-1445 | G4: 46276 | I4: Overdue | J4: Grounded until compliance
A5: A6-AAA | B5: 2026-0023 | C5: EASA | D5: Turbine fan Replacement | E5: 46251 | F5: SB A380-800-2312 | G5: 46295 | I5: Overdue | J5: Grounded until compliance
A6: VT-ABC | B6: 2026-5423 | C6: EASA | D6: Elevator Inspection | E6: 46239 | F6: SB B747-400-7432 | G6: 46249 | I6: Overdue | J6: Grounded until compliance
A7: VT-ABB | B7: 2026-0098 | C7: EASA | D7: Hydraulic Pump Inspection | E7: 46277 | F7: SB A350-29-1205 | G7: 46290 | I7: Open
A8: VT-ABA | B8: 2026-0112 | C8: FAA | D8: Fuel Pump Replacement | E8: 46252 | F8: SB B737-28-1165 | G8: 46270 | H8: 46267 | I8: Complied | J8: Replaced fuel pump during scheduled maintenance
A9: VT-XYZ | B9: 2026-0074 | C9: EASA | D9: Cabin Pressure Valve Inspection | E9: 46242 | F9: SB A320-21-1056 | G9: 46252 | I9: Overdue | J9: Aircraft grounded until compliance
A10: A6-AGF | B10: 2026-0135 | C10: FAA | D10: Engine Oil Filter Inspection | E10: 46287 | F10: SB B787-79-2101 | G10: 46305 | I10: Due soon | J10: Schedule inspection before next maintenance check
A11: A6-ABD | B11: 2026-9321 | C11: EASA | D11: APU Replacement | E11: 46255 | F11: SB B777-300-1010 | G11: 46286 | I11: Due soon | J11: Schedule inspection before next maintenance check

Sheet ATTENTION REQUIRED
A1: Registration | B1: Type | C1: Identifier | D1: Description | E1: Due | F1: Status
A2: {=_xlfn._xlws.FILTER(AD_Table[Registration],(AD_Table[Registration]=DASHBOARD!$D$3)*((AD_Table[STATUS]="Overdue")+(AD_Table[STATUS]="Due soon")),"No AD actions required")} -> VT-ABC | B2: {=IF(_xlfn.ANCHORARRAY(A2)<>"","AD","")} -> AD | C2: {=_xlfn._xlws.FILTER(INDEX(AMP_Table[],0,2),(AMP_Table[Registration]=DASHBOARD!$D$3)*((AMP_Table[Status]="Overdue")+(AMP_Table[Status]="Due Soon")),"")} | D2: {=_xlfn._xlws.FILTER(AD_Table[DESCRIPTION],(AD_Table[Registration]=DASHBOARD!$D$3)*((AD_Table[STATUS]="Overdue")+(AD_Table[STATUS]="Due soon")),"")} -> Elevator Inspection | E2: {=_xlfn._xlws.FILTER(AD_Table[DUE DATE],(AD_Table[Registration]=DASHBOARD!$D$3)*((AD_Table[STATUS]="Overdue")+(AD_Table[STATUS]="Due soon")),"")} -> 46249 | F2: {=_xlfn._xlws.FILTER(AD_Table[STATUS],(AD_Table[Registration]=DASHBOARD!$D$3)*((AD_Table[STATUS]="Overdue")+(AD_Table[STATUS]="Due soon")),"")} -> Overdue
A11: Registration | B11: Type | C11: Identifier | D11: Task Name | E11: FH Due | F11: FC Due | G11: Calender DUE | H11: Status
A12: {=_xlfn._xlws.FILTER(AMP_Table[Registration],(AMP_Table[Registration]=DASHBOARD!$D$3)*((AMP_Table[Status]="Overdue")+(AMP_Table[Status]="Due Soon")),"No AMP tasks required")} -> No AMP tasks required | B12: {=IF(_xlfn.ANCHORARRAY(A12)<>"","AMP","")} -> AMP | C12: {=_xlfn._xlws.FILTER(INDEX(AMP_Table[],0,2),(AMP_Table[Registration]=DASHBOARD!$D$3)*((AMP_Table[Status]="Overdue")+(AMP_Table[Status]="Due Soon")),"")} | D12: {=_xlfn._xlws.FILTER(AMP_Table[Task name],(AMP_Table[Registration]=DASHBOARD!$D$3)*((AMP_Table[Status]="Overdue")+(AMP_Table[Status]="Due Soon")),"")} | E12: {=_xlfn._xlws.FILTER(AMP_Table[[FH due ]],(AMP_Table[Registration]=DASHBOARD!D3)*((AMP_Table[Status]="Overdue")+(AMP_Table[Status]="Due Soon")),"")} | F12: {=_xlfn._xlws.FILTER(AMP_Table[[FC due ]],(AMP_Table[Registration]=DASHBOARD!D3)*((AMP_Table[Status]="Overdue")+(AMP_Table[Status]="Due Soon")),"")} | G12: {=_xlfn._xlws.FILTER(AMP_Table[Calendar due],(AMP_Table[Registration]=DASHBOARD!D3)*((AMP_Table[Status]="Overdue")+(AMP_Table[Status]="Due Soon")),"")} | H12: {=_xlfn._xlws.FILTER(AMP_Table[Status],(AMP_Table[Registration]=DASHBOARD!D3)*((AMP_Table[Status]="Overdue")+(AMP_Table[Status]="Due Soon")),"")}
A20: Registration | B20: Type | C20: Identifier | D20: Component | E20: Remaining Cycles | F20: Status
A21: {=_xlfn._xlws.FILTER(LLP­­­­_Table[Registration],(LLP­­­­_Table[Registration]=DASHBOARD!D3)*((LLP­­­­_Table[Status]="Urgent Replacement")+(LLP­­­­_Table[Status]="Plan replacement")),"No LLP actions required")} -> VT-ABC | B21: {=IF(_xlfn.ANCHORARRAY(A21)<>"","LLP","")} -> LLP | C21: {=_xlfn._xlws.FILTER(LLP­­­­_Table[Part NO.],(LLP­­­­_Table[Registration]=DASHBOARD!$D$3)*((LLP­­­­_Table[Status]="Urgent Replacement")+(LLP­­­­_Table[Status]="Replace Soon")),"")} | D21: {=_xlfn._xlws.FILTER(LLP­­­­_Table[Component],(LLP­­­­_Table[Registration]=DASHBOARD!$D$3)*((LLP­­­­_Table[Status]="Urgent Replacement")+(LLP­­­­_Table[Status]="Replace Soon")),"")} | E21: {=_xlfn._xlws.FILTER(LLP­­­­_Table[remaining cycles],(LLP­­­­_Table[Registration]=DASHBOARD!D3)*((LLP­­­­_Table[Status]="Urgent Replacement")+(LLP­­­­_Table[Status]="Plan replacement")),"")} -> 2400 | F21: {=_xlfn._xlws.FILTER(LLP­­­­_Table[Status],(LLP­­­­_Table[Registration]=DASHBOARD!$D$3)*((LLP­­­­_Table[Status]="Urgent Replacement")+(LLP­­­­_Table[Status]="Plan replacement")),"")} -> Plan replacement
A30: Registration | B30: Type | C30: Identifier | D30: Description | E30: MEL Category | F30: Due Date | G30: Status
A31: {=_xlfn._xlws.FILTER(Deferred_Table[Registration],(Deferred_Table[Registration]=DASHBOARD!$D$3)*(Deferred_Table[Status]<>"Rectified"),"No active defects")} -> VT-ABC | B31: {=IF(_xlfn.ANCHORARRAY(A31)<>"","DEF","")} -> DEF | C31: {=_xlfn._xlws.FILTER('Defered Defects'!B2:B10,('Defered Defects'!A2:A10=DASHBOARD!D3)*('Defered Defects'!H2:H10<>"Rectified"),"")} -> DEF005 | D31: {=_xlfn._xlws.FILTER(Deferred_Table[Description],(Deferred_Table[Registration]=DASHBOARD!$D$3)*(Deferred_Table[Status]<>"Rectified"),"")} -> Cargo compartment light inoperative | E31: {=_xlfn._xlws.FILTER(Deferred_Table[MEL category],(Deferred_Table[Registration]=DASHBOARD!$D$3)*(Deferred_Table[Status]<>"Rectified"),"")} -> C | F31: {=_xlfn._xlws.FILTER('Defered Defects'!F2:F10,('Defered Defects'!A2:A10=DASHBOARD!D3)*('Defered Defects'!H2:H10<>"Rectified"),"")} -> 46266 | G31: {=_xlfn._xlws.FILTER(Deferred_Table[Status],(Deferred_Table[Registration]=DASHBOARD!$D$3)*(Deferred_Table[Status]<>"Rectified"),"")} -> Deferred

Sheet AIRCRAFT HISTORY
A2: select your aircraft: | D2: =DASHBOARD!D3 -> VT-ABC
A5: Aircraft history
A6: A | B6: B
A7: Registration | B7: =_xlfn.XLOOKUP(D2,Table1[registration],Table1[registration]) -> VT-ABC
A8: Aircraft Type | B8: =_xlfn.XLOOKUP(D2,Table1[registration],Table1[Aircraft type]) -> A320neo
A9: Operator | B9: =_xlfn.XLOOKUP(D2,Table1[registration],Table1[operator]) -> Air India
A10: MSN | B10: =_xlfn.XLOOKUP(D2,Table1[registration],Table1[MSN]) -> 11234
A12: Recent Technical Log
A14: Registration | B14: Date | C14: Flight No. | D14: Sector | E14: Defect Reported | F14: Action Taken | G14: Engineer | H14: Released
A15: {=_xlfn._xlws.SORT(_xlfn._xlws.FILTER(TechLog_Table[[Registration]:[Aircraft released]],TechLog_Table[Registration]=$D$2,"No technical log records"),2,-1)} -> VT-ABC | B15: 46240 | C15: EK530 | D15: HYD-DXB | E15: Cabin reading light unserviceable | F15: Reading light replaced | G15: ALI | H15: YES
A26: CRS HISTORY
A28: Registration | B28: Maintenace date | C28: Maintenace type | D28: Organisation | E28: CRS NO. | F28: Engineer | G28: Next due
A29: {=_xlfn._xlws.SORT( _xlfn._xlws.FILTER( CRS_Table[[Registration]:[Next due]], CRS_Table[Registration]=$D$2, "No CRS records" ), 2,-1 )} -> VT-ABC | B29: 45785 | C29: Landing Gear Inspection | D29: Aviation MRO | E29: CRS-2025-008 | F29: SINGH | G29: 5000 FC

Sheet Risk Priority
A1: Registration | B1: Source | C1: Reference | D1: Description | E1: Status | F1: Due Date | G1: Risk Score | H1: Priority | I1: Recommended Action
A2: {=_xlfn._xlws.FILTER( CHOOSE({1,2,3,4,5,6}, AD_Table[Registration], "AD", AD_Table[AD NUMBER], AD_Table[DESCRIPTION], AD_Table[STATUS], AD_Table[DUE DATE] ), ((AD_Table[STATUS]="Overdue")+(AD_Table[STATUS]="Due soon")), "No AD actions" )} -> A6-ADB | B2: AD | C2: 2026-0045 | D2: Landing gear inspection | E2: Due soon | F2: 46280 | G2: =IF(E2="Overdue",100, IF(E2="Due soon",70, IF(E2="Open",40,10))) -> 70 | H2: =IF(G2>=100,"CRITICAL",IF(G2>=70,"HIGH",IF(G2>=40,"MEDIUM","LOW"))) -> HIGH | I2: =_xlfn.XLOOKUP(A2,AD_Table[Registration],AD_Table[REMARKS]," No recommended action") -> Inspect before the next flight
A3: A6-BCC | B3: AD | C3: 2025-0202 | D3: Both wings pylon Replacement | E3: Overdue | F3: 46276 | G3: =IF(E3="Overdue",100, IF(E3="Due soon",70, IF(E3="Open",40,10))) -> 100 | H3: =IF(G3>=100,"CRITICAL",IF(G3>=70,"HIGH",IF(G3>=40,"MEDIUM","LOW"))) -> CRITICAL | I3: =_xlfn.XLOOKUP(A3,AD_Table[Registration],AD_Table[REMARKS]," No recommended action") -> Grounded until compliance
A4: A6-AAA | B4: AD | C4: 2026-0023 | D4: Turbine fan Replacement | E4: Overdue | F4: 46295 | G4: =IF(E4="Overdue",100, IF(E4="Due soon",70, IF(E4="Open",40,10))) -> 100 | H4: =IF(G4>=100,"CRITICAL",IF(G4>=70,"HIGH",IF(G4>=40,"MEDIUM","LOW"))) -> CRITICAL | I4: =_xlfn.XLOOKUP(A4,AD_Table[Registration],AD_Table[REMARKS]," No recommended action") -> Grounded until compliance
A5: VT-ABC | B5: AD | C5: 2026-5423 | D5: Elevator Inspection | E5: Overdue | F5: 46249 | G5: =IF(E5="Overdue",100, IF(E5="Due soon",70, IF(E5="Open",40,10))) -> 100 | H5: =IF(G5>=100,"CRITICAL",IF(G5>=70,"HIGH",IF(G5>=40,"MEDIUM","LOW"))) -> CRITICAL | I5: =_xlfn.XLOOKUP(A5,AD_Table[Registration],AD_Table[REMARKS]," No recommended action") -> Grounded until compliance
A6: VT-XYZ | B6: AD | C6: 2026-0074 | D6: Cabin Pressure Valve Inspection | E6: Overdue | F6: 46252 | G6: =IF(E6="Overdue",100, IF(E6="Due soon",70, IF(E6="Open",40,10))) -> 100 | H6: =IF(G6>=100,"CRITICAL",IF(G6>=70,"HIGH",IF(G6>=40,"MEDIUM","LOW"))) -> CRITICAL | I6: =_xlfn.XLOOKUP(A6,AD_Table[Registration],AD_Table[REMARKS]," No recommended action") -> Aircraft grounded until compliance
A7: A6-AGF | B7: AD | C7: 2026-0135 | D7: Engine Oil Filter Inspection | E7: Due soon | F7: 46305 | G7: =IF(E7="Overdue",100, IF(E7="Due soon",70, IF(E7="Open",40,10))) -> 70 | H7: =IF(G7>=100,"CRITICAL",IF(G7>=70,"HIGH",IF(G7>=40,"MEDIUM","LOW"))) -> HIGH | I7: =_xlfn.XLOOKUP(A7,AD_Table[Registration],AD_Table[REMARKS]," No recommended action") -> Schedule inspection before next maintenance check
A8: A6-ABD | B8: AD | C8: 2026-9321 | D8: APU Replacement | E8: Due soon | F8: 46286 | G8: =IF(E8="Overdue",100, IF(E8="Due soon",70, IF(E8="Open",40,10))) -> 70 | H8: =IF(G8>=100,"CRITICAL",IF(G8>=70,"HIGH",IF(G8>=40,"MEDIUM","LOW"))) -> HIGH | I8: =IF(G8=100,"Grounded until compliance",IF(G8=70,"Schedule inspection before next maintenance check","")) -> Schedule inspection before next maintenance check

Sheet RISK AMP
A1: Registration | B1: Source | C1: Reference | D1: Description | E1: Status | F1: Calendar Due | G1: Risk score | H1: priority | I1: Recommended action
A2: {=_xlfn._xlws.FILTER( CHOOSE({1,2,3,4,5,6}, AMP_Table[Registration], "AMP", AMP_Table[Task ID], AMP_Table[Task name], AMP_Table[Status], AMP_Table[Calendar due] ), ((AMP_Table[Status]="Overdue")+(AMP_Table[Status]="Due Soon")), "No AMP actions" )} -> A6-ADB | B2: AMP | C2: AMP 002 | D2: A-check | E2: Due Soon | F2: 46310 | G2: =IF(E2="Overdue",100,IF(E2="Due Soon",70,IF(E2="Open",40,10))) -> 70 | H2: =IF(G2>=100,"CRITICAL",IF(G2>=70,"HIGH",IF(G2>=40,"MEDIUM","LOW"))) -> HIGH | I2: =IF(H2="CRITICAL","Immediate attention required",IF(H2="HIGH","Plan compliance soon",IF(H2="MEDIUM","Monitor and plan","Routine monitoring"))) -> Plan compliance soon
A3: A6-AAA | B3: AMP | C3: AMP 004 | D3: Engine Oil Filter Change | E3: Due Soon | F3: 46295 | G3: =IF(E3="Overdue",100,IF(E3="Due Soon",70,IF(E3="Open",40,10))) -> 70 | H3: =IF(G3>=100,"CRITICAL",IF(G3>=70,"HIGH",IF(G3>=40,"MEDIUM","LOW"))) -> HIGH | I3: =IF(H3="CRITICAL","Immediate attention required",IF(H3="HIGH","Plan compliance soon",IF(H3="MEDIUM","Monitor and plan","Routine monitoring"))) -> Plan compliance soon
A4: VT-ABB | B4: AMP | C4: AMP 006 | D4: Brake Wear Inspection | E4: Overdue | F4: 46331 | G4: =IF(E4="Overdue",100,IF(E4="Due Soon",70,IF(E4="Open",40,10))) -> 100 | H4: =IF(G4>=100,"CRITICAL",IF(G4>=70,"HIGH",IF(G4>=40,"MEDIUM","LOW"))) -> CRITICAL | I4: =IF(H4="CRITICAL","Immediate attention required",IF(H4="HIGH","Plan compliance soon",IF(H4="MEDIUM","Monitor and plan","Routine monitoring"))) -> Immediate attention required
A5: VT-XYZ | B5: AMP | C5: AMP 008 | D5: ELT Functional Test | E5: Due Soon | F5: 46252 | G5: =IF(E5="Overdue",100,IF(E5="Due Soon",70,IF(E5="Open",40,10))) -> 70 | H5: =IF(G5>=100,"CRITICAL",IF(G5>=70,"HIGH",IF(G5>=40,"MEDIUM","LOW"))) -> HIGH | I5: =IF(H5="CRITICAL","Immediate attention required",IF(H5="HIGH","Plan compliance soon",IF(H5="MEDIUM","Monitor and plan","Routine monitoring"))) -> Plan compliance soon

Sheet RISK DEFECTS
A1: Registration | B1: Source | C1: Reference | D1: Description | E1: MEL Category | F1: Due Date | G1: Status | H1: Risk Score | I1: Priority | J1: Recommended Action
A2: {=_xlfn._xlws.FILTER( CHOOSE({1,2,3,4,5,6,7}, Deferred_Table[Registration], "DEF", Deferred_Table[Defect ID], Deferred_Table[Description], Deferred_Table[MEL category], Deferred_Table[Due date], Deferred_Table[Status] ), (Deferred_Table[Status]<>"Rectified")* (Deferred_Table[Status]<>""), "No active defects" )} -> A6-ADB | B2: DEF | C2: DEF002 | D2: Right landing light inoperative | E2: C | F2: 46262 | G2: Open | H2: =IF(G2="Overdue",100, IF(E2="A",95, IF(E2="B",80, IF(E2="C",60, IF(E2="D",40,30))))) -> 60 | I2: =IF(H2>=90,"CRITICAL", IF(H2>=70,"HIGH", IF(H2>=50,"MEDIUM","LOW"))) -> MEDIUM | J2: =IF(I2="CRITICAL","Immediate review required", IF(I2="HIGH","Plan corrective action", IF(I2="MEDIUM","Monitor and plan", "Routine monitoring"))) -> Monitor and plan
A3: A6-BCC | B3: DEF | C3: DEF003 | D3: Galley coffee maker unserviceable | E3: D | F3: 46437 | G3: Deferred | H3: =IF(G3="Overdue",100, IF(E3="A",95, IF(E3="B",80, IF(E3="C",60, IF(E3="D",40,30))))) -> 40 | I3: =IF(H3>=90,"CRITICAL", IF(H3>=70,"HIGH", IF(H3>=50,"MEDIUM","LOW"))) -> LOW | J3: =IF(I3="CRITICAL","Immediate review required", IF(I3="HIGH","Plan corrective action", IF(I3="MEDIUM","Monitor and plan", "Routine monitoring"))) -> Routine monitoring
A4: A6-AAA | B4: DEF | C4: DEF004 | D4: No. 2 cabin speaker intermittent | E4: C | F4: 46265 | G4: In Progress | H4: =IF(G4="Overdue",100, IF(E4="A",95, IF(E4="B",80, IF(E4="C",60, IF(E4="D",40,30))))) -> 60 | I4: =IF(H4>=90,"CRITICAL", IF(H4>=70,"HIGH", IF(H4>=50,"MEDIUM","LOW"))) -> MEDIUM | J4: =IF(I4="CRITICAL","Immediate review required", IF(I4="HIGH","Plan corrective action", IF(I4="MEDIUM","Monitor and plan", "Routine monitoring"))) -> Monitor and plan
A5: VT-ABC | B5: DEF | C5: DEF005 | D5: Cargo compartment light inoperative | E5: C | F5: 46266 | G5: Deferred | H5: =IF(G5="Overdue",100, IF(E5="A",95, IF(E5="B",80, IF(E5="C",60, IF(E5="D",40,30))))) -> 60 | I5: =IF(H5>=90,"CRITICAL", IF(H5>=70,"HIGH", IF(H5>=50,"MEDIUM","LOW"))) -> MEDIUM | J5: =IF(I5="CRITICAL","Immediate review required", IF(I5="HIGH","Plan corrective action", IF(I5="MEDIUM","Monitor and plan", "Routine monitoring"))) -> Monitor and plan
A6: VT-ABB | B6: DEF | C6: DEF006 | D6: Windshield wiper slow operation | E6: B | F6: 46260 | G6: Overdue | H6: =IF(G6="Overdue",100, IF(E6="A",95, IF(E6="B",80, IF(E6="C",60, IF(E6="D",40,30))))) -> 100 | I6: =IF(H6>=90,"CRITICAL", IF(H6>=70,"HIGH", IF(H6>=50,"MEDIUM","LOW"))) -> CRITICAL | J6: =IF(I6="CRITICAL","Immediate review required", IF(I6="HIGH","Plan corrective action", IF(I6="MEDIUM","Monitor and plan", "Routine monitoring"))) -> Immediate review required
A7: VT-XYZ | B7: DEF | C7: DEF008 | D7: Seat 12A recline mechanism faulty | E7: D | F7: 46623 | G7: Deferred | H7: =IF(G7="Overdue",100, IF(E7="A",95, IF(E7="B",80, IF(E7="C",60, IF(E7="D",40,30))))) -> 40 | I7: =IF(H7>=90,"CRITICAL", IF(H7>=70,"HIGH", IF(H7>=50,"MEDIUM","LOW"))) -> LOW | J7: =IF(I7="CRITICAL","Immediate review required", IF(I7="HIGH","Plan corrective action", IF(I7="MEDIUM","Monitor and plan", "Routine monitoring"))) -> Routine monitoring

Sheet RISK & PRIORITY
A1: Registration | B1: Source | C1: Reference | D1: Description | E1: MEL Category | F1: Due Date | G1: Status | H1: Risk Score | I1: Priority
A2: {=_xlfn._xlws.FILTER( CHOOSE({1,2,3,4,5,6,7}, Deferred_Table[Registration], "DEF", Deferred_Table[Defect ID], Deferred_Table[Description], Deferred_Table[MEL category], Deferred_Table[Due date], Deferred_Table[Status] ), (Deferred_Table[Status]<>"Rectified")* (Deferred_Table[Status]<>""), "No active defects" )} -> A6-ADB | B2: DEF | C2: DEF002 | D2: Right landing light inoperative | E2: C | F2: 46262 | G2: Open | H2: =IF(F2="","", IF(G2="Overdue",50, IF(G2="Deferred",30, IF(G2="Open",20, IF(G2="In Progress",15,0))))+ IF(E2="A",40, IF(E2="B",30, IF(E2="C",20, IF(E2="D",10,0))))+ IF(F2<TODAY(),30, IF(F2<=TODAY()+3,25, IF(F2<=TODAY()+7,15, IF(F2<=TODAY()+14,5,0))))) -> 70 | I2: =IF(H2="","",IF(H2>=90,"Critical",IF(H2>=70,"High",IF(H2>=40,"Medium","Low")))) -> High
A3: A6-BCC | B3: DEF | C3: DEF003 | D3: Galley coffee maker unserviceable | E3: D | F3: 46437 | G3: Deferred | H3: =IF(F3="","", IF(G3="Overdue",50, IF(G3="Deferred",30, IF(G3="Open",20, IF(G3="In Progress",15,0))))+ IF(E3="A",40, IF(E3="B",30, IF(E3="C",20, IF(E3="D",10,0))))+ IF(F3<TODAY(),30, IF(F3<=TODAY()+3,25, IF(F3<=TODAY()+7,15, IF(F3<=TODAY()+14,5,0))))) -> 40 | I3: =IF(H3="","",IF(H3>=90,"Critical",IF(H3>=70,"High",IF(H3>=40,"Medium","Low")))) -> Medium
A4: A6-AAA | B4: DEF | C4: DEF004 | D4: No. 2 cabin speaker intermittent | E4: C | F4: 46265 | G4: In Progress | H4: =IF(F4="","", IF(G4="Overdue",50, IF(G4="Deferred",30, IF(G4="Open",20, IF(G4="In Progress",15,0))))+ IF(E4="A",40, IF(E4="B",30, IF(E4="C",20, IF(E4="D",10,0))))+ IF(F4<TODAY(),30, IF(F4<=TODAY()+3,25, IF(F4<=TODAY()+7,15, IF(F4<=TODAY()+14,5,0))))) -> 65 | I4: =IF(H4="","",IF(H4>=90,"Critical",IF(H4>=70,"High",IF(H4>=40,"Medium","Low")))) -> Medium
A5: VT-ABC | B5: DEF | C5: DEF005 | D5: Cargo compartment light inoperative | E5: C | F5: 46266 | G5: Deferred | H5: =IF(F5="","", IF(G5="Overdue",50, IF(G5="Deferred",30, IF(G5="Open",20, IF(G5="In Progress",15,0))))+ IF(E5="A",40, IF(E5="B",30, IF(E5="C",20, IF(E5="D",10,0))))+ IF(F5<TODAY(),30, IF(F5<=TODAY()+3,25, IF(F5<=TODAY()+7,15, IF(F5<=TODAY()+14,5,0))))) -> 80 | I5: =IF(H5="","",IF(H5>=90,"Critical",IF(H5>=70,"High",IF(H5>=40,"Medium","Low")))) -> High
A6: VT-ABB | B6: DEF | C6: DEF006 | D6: Windshield wiper slow operation | E6: B | F6: 46260 | G6: Overdue | H6: =IF(F6="","", IF(G6="Overdue",50, IF(G6="Deferred",30, IF(G6="Open",20, IF(G6="In Progress",15,0))))+ IF(E6="A",40, IF(E6="B",30, IF(E6="C",20, IF(E6="D",10,0))))+ IF(F6<TODAY(),30, IF(F6<=TODAY()+3,25, IF(F6<=TODAY()+7,15, IF(F6<=TODAY()+14,5,0))))) -> 110 | I6: =IF(H6="","",IF(H6>=90,"Critical",IF(H6>=70,"High",IF(H6>=40,"Medium","Low")))) -> Critical
A7: VT-XYZ | B7: DEF | C7: DEF008 | D7: Seat 12A recline mechanism faulty | E7: D | F7: 46623 | G7: Deferred | H7: =IF(F7="","", IF(G7="Overdue",50, IF(G7="Deferred",30, IF(G7="Open",20, IF(G7="In Progress",15,0))))+ IF(E7="A",40, IF(E7="B",30, IF(E7="C",20, IF(E7="D",10,0))))+ IF(F7<TODAY(),30, IF(F7<=TODAY()+3,25, IF(F7<=TODAY()+7,15, IF(F7<=TODAY()+14,5,0))))) -> 40 | I7: =IF(H7="","",IF(H7>=90,"Critical",IF(H7>=70,"High",IF(H7>=40,"Medium","Low")))) -> Medium

Sheet Defered Defects
A1: Registration | B1: Defect ID | C1: Description | D1: MEL category | E1: Date raised | F1: Due date | G1: Engineer | H1: Status
A2: A6-ABD | B2: DEF001 | C2: Left reading light inoperative | D2: C | E2: 46249 | F2: 46259 | G2: FARAZ | H2: Rectified
A3: A6-ADB | B3: DEF002 | C3: Right landing light inoperative | D3: C | E3: 46252 | F3: 46262 | G3: AHMED | H3: Open
A4: A6-BCC | B4: DEF003 | C4: Galley coffee maker unserviceable | D4: D | E4: 46254 | F4: 46437 | G4: SHARMA | H4: Deferred
A5: A6-AAA | B5: DEF004 | C5: No. 2 cabin speaker intermittent | D5: C | E5: 46255 | F5: 46265 | G5: KUMAR | H5: In Progress
A6: VT-ABC | B6: DEF005 | C6: Cargo compartment light inoperative | D6: C | E6: 46256 | F6: 46266 | G6: SINGH | H6: Deferred
A7: VT-ABB | B7: DEF006 | C7: Windshield wiper slow operation | D7: B | E7: 46257 | F7: 46260 | G7: ALI | H7: Overdue
A8: VT-ABA | B8: DEF007 | C8: Lavatory smoke detector fault | D8: A | E8: 46258 | F8: 46259 | G8: JOHN | H8: Rectified
A9: VT-XYZ | B9: DEF008 | C9: Seat 12A recline mechanism faulty | D9: D | E9: 46259 | F9: 46623 | G9: DAVIS | H9: Deferred
A10: A6-AGF | B10: DEF009 | C10: Seat 16A recline mechanism faulty | D10: D | E10: 46260 | F10: 46624 | G10: John | H10: Rectified

Sheet AMP
A1: Registration | B1: Task ID | C1: Task name | D1: FH due | E1: FC due | F1: Calendar due | G1: Last done FH | H1: Last done FC | I1: Status
A2: A6-ABD | B2: AMP 001 | C2: C-check | D2: 8000 | E2: 4000 | F2: 46275 | G2: 1000 | H2: 500 | I2: Completed
A3: A6-ADB | B3: AMP 002 | C3: A-check | D3: 8500 | E3: 4250 | F3: 46310 | G3: 8000 | H3: 4000 | I3: Due Soon
A4: A6-BCC | B4: AMP 003 | C4: Landing Gear Inspection | D4: 10000 | E4: 5000 | F4: 46376 | G4: 7000 | H4: 3500 | I4: Open
A5: A6-AAA | B5: AMP 004 | C5: Engine Oil Filter Change | D5: 9000 | E5: 4500 | F5: 46295 | G5: 8200 | H5: 4100 | I5: Due Soon
A6: VT-ABC | B6: AMP 005 | C6: Hydraulic System Inspection | D6: 12000 | E6: 6000 | F6: 46402 | G6: 6000 | H6: 3000 | I6: Open
A7: VT-ABB | B7: AMP 006 | C7: Brake Wear Inspection | D7: 9500 | E7: 4750 | F7: 46331 | G7: 9300 | H7: 4650 | I7: Overdue
A8: VT-ABA | B8: AMP 007 | C8: Oxygen System Check | D8: 11000 | E8: 5500 | F8: 46443 | G8: 7500 | H8: 3750 | I8: Open
A9: VT-XYZ | B9: AMP 008 | C9: ELT Functional Test | D9: 10500 | E9: 5250 | F9: 46252 | G9: 10400 | H9: 5200 | I9: Due Soon
A10: A6-AGF | B10: AMP 009 | C10: ELT Functional Test | D10: 12000 | E10: 6000 | F10: 46378 | G10: 10000 | H10: 5000 | I10: Open

Sheet CRS
A1: Registration | B1: Maintenace date | C1: Maintenace type | D1: Organisation | E1: CRS NO. | F1: Engineer | G1: Next due
A2: A6-ABD | B2: 46249 | C2: A-check | D2: Aviation MRO | E2: CRS-2026-002 | F2: FARAZ | G2: 7000 FH
A3: A6-ADB | B3: 46081 | C3: Transit Check | D3: Aviation MRO | E3: CRS-2026-001 | F3: AHMED | G3: Next Flight
A4: A6-BCC | B4: 45981 | C4: C-check | D4: Aviation MRO | E4: CRS-2025-014 | F4: SHARMA | G4: 8000 FH
A5: A6-AAA | B5: 45850 | C5: Engine Borescope Inspection | D5: Aviation MRO | E5: CRS-2025-011 | F5: KUMAR | G5: 6000 FH
A6: VT-ABC | B6: 45785 | C6: Landing Gear Inspection | D6: Aviation MRO | E6: CRS-2025-008 | F6: SINGH | G6: 5000 FC
A7: VT-ABB | B7: 45706 | C7: Brake Replacement | D7: Aviation MRO | E7: CRS-2025-004 | F7: ALI | G7: 4000 FC
A8: VT-ABA | B8: 45636 | C8: A-check | D8: Aviation MRO | E8: CRS-2024-018 | F8: PATEL | G8: 6000 FH
A9: VT-XYZ | B9: 45519 | C9: Engine Oil & Filter Change | D9: Aviation MRO | E9: CRS-2024-012 | F9: DAVIS | G9: 500 FH
A10: A6-AGF | B10: 46248 | C10: D-check | D10: Aviation MRO | E10: CRS-2026-011 | F10: Junaid | G10: 8 years
A11: VT-ABA | B11: 46081 | C11: Transit Check | D11: Aviation MRO | E11: CRS-2026-001 | F11: AHMED | G11: Next Flight

Sheet Technical Log
A1: Registration | B1: Date | C1: Flight NO. | D1: sector | E1: Defect reported | F1: Action taken | G1: Engineer | H1: Aircraft released
A2: A6-ABD | B2: 46236 | C2: EK526 | D2: HYD-DXB | E2: Windshield wiper inoperative | F2: Wiper replaced | G2: FARAZ | H2: YES
A3: A6-ADB | B3: 46237 | C3: EK527 | D3: DXB-HYD | E3: Left landing light inoperative | F3: Bulb replaced and operational check carried out | G3: AHMED | H3: YES
A4: A6-BCC | B4: 46238 | C4: EK528 | D4: HYD-DXB | E4: Low engine oil indication (Engine 2) | F4: Engine oil replenished and leak inspection performed | G4: SHARMA | H4: YES
A5: A6-AAA | B5: 46239 | C5: EK529 | D5: DXB-HYD | E5: Tire pressure below limit (Nose wheel) | F5: Tire inflated to specified pressure | G5: KUMAR | H5: YES
A6: VT-ABC | B6: 46240 | C6: EK530 | D6: HYD-DXB | E6: Cabin reading light unserviceable | F6: Reading light replaced | G6: ALI | H6: YES
A7: VT-ABB | B7: 46241 | C7: EK531 | D7: DXB-HYD | E7: Hydraulic fluid level low | F7: Hydraulic reservoir serviced and leak check completed | G7: PATEL | H7: YES
A8: VT-ABA | B8: 46242 | C8: EK532 | D8: HYD-DXB | E8: Brake wear indicator near limit | F8: Brake inspection completed; replacement scheduled | G8: DAVIS | H8: YES
A9: VT-XYZ | B9: 46243 | C9: EK533 | D9: DXB-HYD | E9: Cargo door warning light illuminated | F9: Door latch adjusted and operational test carried out | G9: SINGH | H9: YES
A10: A6-AGF | B10: 46320 | C10: EK525 | D10: DXB-JFK | E10: hydraulic pressure sensor inoperative | F10: replaced the sensorr | G10: harry | H10: YES
A11: VT-ABA | B11: 46185 | C11: EK540 | D11: DXB-BOM | E11: Cabin light inoperative | F11: Light replaced | G11: JOHN | H11: YES

Sheet Life limited parts
A1: Registration | B1: Part NO. | C1: Serial no. | D1: Component | E1: Installed on | F1: Life limit | G1: Current cycles | H1: remaining cycles | I1: Status
A2: A6-ABD | B2: LDG-007 | C2: 113321 | D2: Landing gear | E2: Left belly | F2: 15000 | G2: 12500 | H2: =LLP­­­­_Table[[#This Row],[Life limit]]-LLP­­­­_Table[[#This Row],[Current cycles]] -> 2500 | I2: =IF(LLP­­­­_Table[[#This Row],[remaining cycles]]<1000,"Urgent Replacement",IF(LLP­­­­_Table[[#This Row],[remaining cycles]]<2500,"Plan replacement",IF(LLP­­­­_Table[[#This Row],[remaining cycles]]<5000,"Monitor","normal"))) -> Monitor
A3: A6-ADB | B3: ENG-101 | C3: 224578 | D3: Engine Fan Disc | E3: Engine 1 | F3: 20000 | G3: 18750 | H3: =LLP­­­­_Table[[#This Row],[Life limit]]-LLP­­­­_Table[[#This Row],[Current cycles]] -> 1250 | I3: =IF(LLP­­­­_Table[[#This Row],[remaining cycles]]<1000,"Urgent Replacement",IF(LLP­­­­_Table[[#This Row],[remaining cycles]]<2500,"Plan replacement",IF(LLP­­­­_Table[[#This Row],[remaining cycles]]<5000,"Monitor","normal"))) -> Plan replacement
A4: A6-BCC | B4: ENG-102 | C4: 224579 | D4: Engine Fan Disc | E4: Engine 2 | F4: 20000 | G4: 16100 | H4: =LLP­­­­_Table[[#This Row],[Life limit]]-LLP­­­­_Table[[#This Row],[Current cycles]] -> 3900 | I4: =IF(LLP­­­­_Table[[#This Row],[remaining cycles]]<1000,"Urgent Replacement",IF(LLP­­­­_Table[[#This Row],[remaining cycles]]<2500,"Plan replacement",IF(LLP­­­­_Table[[#This Row],[remaining cycles]]<5000,"Monitor","normal"))) -> Monitor
A5: A6-AAA | B5: BRK-015 | C5: 334122 | D5: Brake Assembly | E5: Left Main Gear | F5: 10000 | G5: 9400 | H5: =LLP­­­­_Table[[#This Row],[Life limit]]-LLP­­­­_Table[[#This Row],[Current cycles]] -> 600 | I5: =IF(LLP­­­­_Table[[#This Row],[remaining cycles]]<1000,"Urgent Replacement",IF(LLP­­­­_Table[[#This Row],[remaining cycles]]<2500,"Plan replacement",IF(LLP­­­­_Table[[#This Row],[remaining cycles]]<5000,"Monitor","normal"))) -> Urgent Replacement
A6: VT-ABC | B6: BRK-016 | C6: 334123 | D6: Brake Assembly | E6: Right Main Gear | F6: 10000 | G6: 7600 | H6: =LLP­­­­_Table[[#This Row],[Life limit]]-LLP­­­­_Table[[#This Row],[Current cycles]] -> 2400 | I6: =IF(LLP­­­­_Table[[#This Row],[remaining cycles]]<1000,"Urgent Replacement",IF(LLP­­­­_Table[[#This Row],[remaining cycles]]<2500,"Plan replacement",IF(LLP­­­­_Table[[#This Row],[remaining cycles]]<5000,"Monitor","normal"))) -> Plan replacement
A7: VT-ABB | B7: APU-021 | C7: 556781 | D7: APU Starter Motor | E7: APU Bay | F7: 12000 | G7: 8200 | H7: =LLP­­­­_Table[[#This Row],[Life limit]]-LLP­­­­_Table[[#This Row],[Current cycles]] -> 3800 | I7: =IF(LLP­­­­_Table[[#This Row],[remaining cycles]]<1000,"Urgent Replacement",IF(LLP­­­­_Table[[#This Row],[remaining cycles]]<2500,"Plan replacement",IF(LLP­­­­_Table[[#This Row],[remaining cycles]]<5000,"Monitor","normal"))) -> Monitor
A8: VT-ABA | B8: FLP-045 | C8: 661245 | D8: Flap Actuator | E8: Left Wing | F8: 18000 | G8: 9000 | H8: =LLP­­­­_Table[[#This Row],[Life limit]]-LLP­­­­_Table[[#This Row],[Current cycles]] -> 9000 | I8: =IF(LLP­­­­_Table[[#This Row],[remaining cycles]]<1000,"Urgent Replacement",IF(LLP­­­­_Table[[#This Row],[remaining cycles]]<2500,"Plan replacement",IF(LLP­­­­_Table[[#This Row],[remaining cycles]]<5000,"Monitor","normal"))) -> normal
A9: VT-XYZ | B9: FLP-046 | C9: 661246 | D9: Flap Actuator | E9: Right Wing | F9: 18000 | G9: 17200 | H9: =LLP­­­­_Table[[#This Row],[Life limit]]-LLP­­­­_Table[[#This Row],[Current cycles]] -> 800 | I9: =IF(LLP­­­­_Table[[#This Row],[remaining cycles]]<1000,"Urgent Replacement",IF(LLP­­­­_Table[[#This Row],[remaining cycles]]<2500,"Plan replacement",IF(LLP­­­­_Table[[#This Row],[remaining cycles]]<5000,"Monitor","normal"))) -> Urgent Replacement
A10: A6-AGF | B10: LDG-007 | C10: 23991 | D10: Landing gear | E10: Right belly | F10: 21000 | G10: 19250 | H10: =LLP­­­­_Table[[#This Row],[Life limit]]-LLP­­­­_Table[[#This Row],[Current cycles]] -> 1750 | I10: =IF(LLP­­­­_Table[[#This Row],[remaining cycles]]<1000,"Urgent Replacement",IF(LLP­­­­_Table[[#This Row],[remaining cycles]]<2500,"Plan replacement",IF(LLP­­­­_Table[[#This Row],[remaining cycles]]<5000,"Monitor","normal"))) -> Plan replacement
A11: A6-AAA | B11: LDG-007 | C11: 94523 | D11: Landing gear | E11: Left Main Gear | F11: 21203 | G11: 21200 | H11: =LLP­­­­_Table[[#This Row],[Life limit]]-LLP­­­­_Table[[#This Row],[Current cycles]] -> 3 | I11: =IF(LLP­­­­_Table[[#This Row],[remaining cycles]]<1000,"Urgent Replacement",IF(LLP­­­­_Table[[#This Row],[remaining cycles]]<2500,"Plan replacement",IF(LLP­­­­_Table[[#This Row],[remaining cycles]]<5000,"Monitor","normal"))) -> Urgent Replacement

Sheet MAINTENANCE PLANNING
A1: MAINTENANCE PLANNING
A2: Select aircraft: | B2: =DASHBOARD!D3 -> VT-ABC
A5: Registration | B5: Source | C5: Reference | D5: Task / Description | E5: Due Date | F5: Status | G5: Priority | H5: Planning Window | I5: Planning Score
A6: {=_xlfn._xlws.FILTER(AD_Table[Registration],AD_Table[Registration]='MAINTENANCE PLANNING'!$B$2,"")} -> VT-ABC | B6: {=IF(_xlfn.ANCHORARRAY(A6)<>"","AD","")} -> AD | C6: {=_xlfn._xlws.FILTER(AD_Table[AD NUMBER],AD_Table[Registration]='MAINTENANCE PLANNING'!$B$2,"")} -> 2026-5423 | D6: {=_xlfn._xlws.FILTER(AD_Table[DESCRIPTION],AD_Table[Registration]='MAINTENANCE PLANNING'!$B$2,"")} -> Elevator Inspection | E6: {=_xlfn._xlws.FILTER(AD_Table[DUE DATE],AD_Table[Registration]='MAINTENANCE PLANNING'!$B$2,"")} -> 46249 | F6: {=_xlfn._xlws.FILTER(AD_Table[STATUS],AD_Table[Registration]='MAINTENANCE PLANNING'!$B$2,"")} -> Overdue | G6: {=IF(_xlfn.ANCHORARRAY(F6)="","",IF(_xlfn.ANCHORARRAY(F6)="Overdue","CRITICAL",IF(_xlfn.ANCHORARRAY(F6)="Due soon","HIGH",IF(_xlfn.ANCHORARRAY(F6)="Open","MEDIUM",IF(_xlfn.ANCHORARRAY(F6)="Complied","LOW","MEDIUM")))))} -> CRITICAL | H6: {=IF(_xlfn.ANCHORARRAY(E6)="","",IF(_xlfn.ANCHORARRAY(F6)="Overdue","IMMEDIATE ACTION",IF(_xlfn.ANCHORARRAY(E6)-TODAY()<=7,"NEXT 7 DAYS",IF(_xlfn.ANCHORARRAY(E6)-TODAY()<=30,"NEXT 30 DAYS","FUTURE PLANNING"))))} -> IMMEDIATE ACTION | I6: {=IF(_xlfn.ANCHORARRAY(F6)="","",IF(_xlfn.ANCHORARRAY(F6)="Overdue",1000,IF(_xlfn.ANCHORARRAY(F6)="Due soon",500,IF(_xlfn.ANCHORARRAY(F6)="Open",200,IF(_xlfn.ANCHORARRAY(F6)="In Progress",300,0))))+MAX(0,30-(_xlfn.ANCHORARRAY(E6)-TODAY())))} -> 1052

Sheet MAINTENANCE PACKAGING
A1: Registration | B1: Source | C1: Reference | D1: Task / Description | E1: Due Date | F1: Priority | G1: Planning Window | H1: Package | I1: Package Start | J1: Package End | K1: Package ID
A2: {=_xlfn._xlws.FILTER(_xlfn.CHOOSECOLS('MAINTENANCE PLANNING'!A6:I100,1,2,3,4,5,7,8),'MAINTENANCE PLANNING'!A6:A100='MAINTENANCE PLANNING'!$B$2,"")} -> VT-ABC | B2: AD | C2: 2026-5423 | D2: Elevator Inspection | E2: 46249 | F2: CRITICAL | G2: IMMEDIATE ACTION | H2: {=IF(G2="","",_xlfn.IFS(G2="IMMEDIATE ACTION","PACKAGE 1 - IMMEDIATE",G2="NEXT 7 DAYS","PACKAGE 2 - NEAR TERM",G2="NEXT 30 DAYS","PACKAGE 3 - UPCOMING",G2="NEXT 90 DAYS","PACKAGE 4 - PLANNED",TRUE,"PACKAGE 5 - FUTURE"))} -> PACKAGE 1 - IMMEDIATE | I2: =IF(E2="","",E2) -> 46249 | J2: =IF(E2="","",E2+7) -> 46256 | K2: =IF(E2="","","PKG-"&TEXT(I2,"DD-MMM-YY")) -> PKG-15-Aug-26
H3: {=IF(G3="","",_xlfn.IFS(G3="IMMEDIATE ACTION","PACKAGE 1 - IMMEDIATE",G3="NEXT 7 DAYS","PACKAGE 2 - NEAR TERM",G3="NEXT 30 DAYS","PACKAGE 3 - UPCOMING",G3="NEXT 90 DAYS","PACKAGE 4 - PLANNED",TRUE,"PACKAGE 5 - FUTURE"))} | I3: =IF(E3="","",E3) | J3: =IF(E3="","",E3+7) | K3: =IF(E3="","","PKG-"&TEXT(I3,"DD-MMM-YY"))
